id;nombre;decripcion;fechainicio;fechafinal;fechacreacion;imagen_url;imagen_url_content_type;video_url;idciudad;latitud;longitud;estado_activo
1;Reactive Unbranded Steel Bike action-items;../fake-data/blob/hipster.txt;2020-03-13T07:30:07;2020-03-13T10:19:18;2020-03-13T05:36:16;../fake-data/blob/hipster.png;image/png;alarm Handcrafted Face to face;80056;Cambridgeshire experiences Baby;Direct Metrics Connecticut;true
2;Pennsylvania;../fake-data/blob/hipster.txt;2020-03-12T19:54:29;2020-03-13T15:12:47;2020-03-12T21:45:51;../fake-data/blob/hipster.png;image/png;tan synthesize;19446;SDD Sausages;Home Loan Account;true
3;Awesome Frozen Towels THX Coordinator;../fake-data/blob/hipster.txt;2020-03-13T02:34:48;2020-03-13T14:45:36;2020-03-12T21:48:22;../fake-data/blob/hipster.png;image/png;Central optimize;13283;Morocco;invoice;false
4;Small Plains RAM;../fake-data/blob/hipster.txt;2020-03-13T00:11:04;2020-03-13T15:44:48;2020-03-13T00:26:18;../fake-data/blob/hipster.png;image/png;Checking Account California generating;86981;Naira Hat;Oregon Berkshire;true
5;revolutionize Zambian Kwacha parsing;../fake-data/blob/hipster.txt;2020-03-13T16:30:37;2020-03-13T16:49:29;2020-03-13T14:29:33;../fake-data/blob/hipster.png;image/png;driver;71744;Avon;Developer;true
6;compressing Algeria;../fake-data/blob/hipster.txt;2020-03-13T06:59:27;2020-03-13T16:22:03;2020-03-13T15:34:35;../fake-data/blob/hipster.png;image/png;azure;56218;Accounts;client-driven lavender;true
7;intermediate Concrete Home;../fake-data/blob/hipster.txt;2020-03-13T03:26:16;2020-03-13T03:05:23;2020-03-13T16:19:27;../fake-data/blob/hipster.png;image/png;Movies Movies;75213;EXE repurpose;applications Springs;true
8;Applications;../fake-data/blob/hipster.txt;2020-03-12T20:31:29;2020-03-12T23:21:30;2020-03-12T23:03:01;../fake-data/blob/hipster.png;image/png;South Carolina integrate;42264;override Supervisor Towels;monitoring harness;false
9;Expanded multimedia paradigm;../fake-data/blob/hipster.txt;2020-03-13T00:29:00;2020-03-12T22:20:32;2020-03-12T20:44:45;../fake-data/blob/hipster.png;image/png;bandwidth;76272;Isle program Wells;bandwidth Credit Card Account Rubber;true
10;Azerbaijanian Manat 6th generation invoice;../fake-data/blob/hipster.txt;2020-03-13T09:42:24;2020-03-13T16:48:10;2020-03-13T14:45:32;../fake-data/blob/hipster.png;image/png;Inlet bleeding-edge Beauty;98346;Vision-oriented Accounts PCI;hard drive Checking Account;false
